"","X","Date","diff","Team","Rk"
"1",1,"Fri, Oct 31, 2003",2,"Memphis Grizzlies",22
"2",2,"Sat, Nov 1, 2003",-7,"New Orleans Hornets",14
"3",3,"Wed, Nov 5, 2003",-8,"Detroit Pistons",5
"4",4,"Tue, Nov 11, 2003",2,"Indiana Pacers",8
"5",5,"Mon, Nov 17, 2003",-3,"New York Knicks",21
"6",6,"Fri, Nov 21, 2003",-2,"Philadelphia 76ers",12
"7",7,"Wed, Nov 26, 2003",2,"Orlando Magic",17
"8",8,"Sat, Nov 29, 2003",-6,"Milwaukee Bucks",16
"9",9,"Wed, Dec 3, 2003",-10,"Toronto Raptors",27
"10",10,"Sun, Dec 7, 2003",5,"Denver Nuggets",28
"11",11,"Mon, Dec 8, 2003",22,"Utah Jazz",6
"12",12,"Sat, Dec 13, 2003",7,"Cleveland Cavaliers",29
"13",13,"Tue, Dec 23, 2003",-5,"Atlanta Hawks",24
"14",14,"Fri, Dec 26, 2003",2,"Phoenix Suns",13
"15",15,"Sun, Dec 28, 2003",-23,"Los Angeles Lakers",9
"16",16,"Mon, Dec 29, 2003",9,"Golden State Warriors",18
"17",17,"Sat, Jan 3, 2004",11,"Chicago Bulls",25
"18",18,"Sun, Jan 11, 2004",4,"Houston Rockets",11
"19",19,"Tue, Jan 13, 2004",-8,"Milwaukee Bucks",16
"20",20,"Fri, Jan 16, 2004",-6,"Orlando Magic",17
"21",21,"Tue, Jan 20, 2004",2,"Miami Heat",26
"22",22,"Sun, Jan 25, 2004",-19,"New Jersey Nets",4
"23",23,"Sat, Jan 31, 2004",-1,"Indiana Pacers",8
"24",24,"Sat, Feb 7, 2004",30,"Philadelphia 76ers",12
"25",25,"Mon, Feb 9, 2004",-8,"Cleveland Cavaliers",29
"26",26,"Thu, Feb 12, 2004",-20,"Chicago Bulls",25
"27",27,"Tue, Feb 17, 2004",-16,"Sacramento Kings",2
"28",28,"Thu, Feb 19, 2004",-2,"Los Angeles Clippers",23
"29",29,"Sat, Feb 21, 2004",-21,"Portland Trail Blazers",7
"30",30,"Sun, Feb 22, 2004",-21,"Seattle SuperSonics",15
"31",31,"Sun, Feb 29, 2004",9,"Toronto Raptors",27
"32",32,"Sun, Mar 7, 2004",3,"Minnesota Timberwolves",10
"33",33,"Tue, Mar 9, 2004",3,"New York Knicks",21
"34",34,"Sat, Mar 13, 2004",9,"Washington Wizards",20
"35",35,"Fri, Mar 19, 2004",-16,"Dallas Mavericks",1
"36",36,"Sat, Mar 20, 2004",-16,"San Antonio Spurs",3
"37",37,"Mon, Mar 29, 2004",4,"New Jersey Nets",4
"38",38,"Sun, Apr 4, 2004",-10,"Washington Wizards",20
"39",39,"Wed, Apr 7, 2004",-3,"Miami Heat",26
"40",40,"Fri, Apr 9, 2004",-9,"New Orleans Hornets",14
"41",41,"Sat, Apr 10, 2004",-11,"Atlanta Hawks",24
"42",42,"Wed, Oct 29, 2003",23,"Miami Heat",26
"43",43,"Fri, Nov 7, 2003",-7,"New Jersey Nets",4
"44",44,"Sun, Nov 9, 2003",9,"Sacramento Kings",2
"45",45,"Wed, Nov 12, 2003",-7,"Chicago Bulls",25
"46",46,"Fri, Nov 14, 2003",9,"Cleveland Cavaliers",29
"47",47,"Wed, Nov 19, 2003",-8,"New Orleans Hornets",14
"48",48,"Mon, Nov 24, 2003",-6,"New York Knicks",21
"49",49,"Fri, Nov 28, 2003",10,"Milwaukee Bucks",16
"50",50,"Mon, Dec 1, 2003",-7,"Memphis Grizzlies",22
"51",51,"Fri, Dec 5, 2003",-4,"Phoenix Suns",13
"52",52,"Wed, Dec 10, 2003",14,"Seattle SuperSonics",15
"53",53,"Fri, Dec 12, 2003",3,"Toronto Raptors",27
"54",54,"Mon, Dec 15, 2003",-21,"Minnesota Timberwolves",10
"55",55,"Wed, Dec 17, 2003",2,"Dallas Mavericks",1
"56",56,"Fri, Dec 19, 2003",-3,"Utah Jazz",6
"57",57,"Sun, Dec 21, 2003",3,"Philadelphia 76ers",12
"58",58,"Wed, Dec 31, 2003",-2,"New Orleans Hornets",14
"59",59,"Fri, Jan 2, 2004",-13,"Indiana Pacers",8
"60",60,"Mon, Jan 5, 2004",-10,"Detroit Pistons",5
"61",61,"Wed, Jan 7, 2004",8,"Orlando Magic",17
"62",62,"Fri, Jan 9, 2004",25,"Cleveland Cavaliers",29
"63",63,"Wed, Jan 14, 2004",-15,"Houston Rockets",11
"64",64,"Sun, Jan 18, 2004",-17,"San Antonio Spurs",3
"65",65,"Fri, Jan 23, 2004",11,"Washington Wizards",20
"66",66,"Wed, Jan 28, 2004",-3,"Detroit Pistons",5
"67",67,"Fri, Jan 30, 2004",-18,"New York Knicks",21
"68",68,"Wed, Feb 4, 2004",-9,"Los Angeles Clippers",23
"69",69,"Fri, Feb 6, 2004",-4,"Atlanta Hawks",24
"70",70,"Wed, Feb 25, 2004",-2,"Milwaukee Bucks",16
"71",71,"Fri, Feb 27, 2004",13,"Toronto Raptors",27
"72",72,"Mon, Mar 1, 2004",21,"Orlando Magic",17
"73",73,"Fri, Mar 5, 2004",4,"Washington Wizards",20
"74",74,"Wed, Mar 10, 2004",-8,"Los Angeles Lakers",9
"75",75,"Fri, Mar 12, 2004",-18,"Indiana Pacers",8
"76",76,"Wed, Mar 17, 2004",4,"Denver Nuggets",28
"77",77,"Fri, Mar 26, 2004",9,"New Jersey Nets",4
"78",78,"Sun, Mar 28, 2004",24,"Philadelphia 76ers",12
"79",79,"Wed, Mar 31, 2004",-7,"Portland Trail Blazers",7
"80",80,"Fri, Apr 2, 2004",5,"Golden State Warriors",18
"81",81,"Mon, Apr 12, 2004",-7,"Miami Heat",26
"82",82,"Wed, Apr 14, 2004",5,"Atlanta Hawks",24
"83",83,"Sat, Nov 5, 2005",-2,"Charlotte Bobcats",28
"84",84,"Tue, Nov 15, 2005",-15,"Detroit Pistons",6
"85",85,"Tue, Nov 22, 2005",-22,"Cleveland Cavaliers",15
"86",86,"Wed, Nov 23, 2005",-3,"Atlanta Hawks",30
"87",87,"Sun, Dec 4, 2005",3,"New York Knicks",24
"88",88,"Tue, Dec 6, 2005",-18,"Houston Rockets",5
"89",90,"Fri, Dec 9, 2005",-12,"San Antonio Spurs",1
"90",91,"Sat, Dec 10, 2005",-9,"Dallas Mavericks",3
"91",92,"Sat, Dec 17, 2005",-32,"Chicago Bulls",12
"92",93,"Mon, Dec 26, 2005",-7,"Seattle SuperSonics",7
"93",94,"Wed, Dec 28, 2005",-2,"Golden State Warriors",20
"94",95,"Fri, Dec 30, 2005",-4,"Sacramento Kings",9
"95",96,"Sat, Dec 31, 2005",19,"Los Angeles Clippers",16
"96",97,"Mon, Jan 2, 2006",-10,"Denver Nuggets",10
"97",98,"Sat, Jan 7, 2006",-1,"Washington Wizards",17
"98",99,"Tue, Jan 10, 2006",4,"Atlanta Hawks",30
"99",100,"Fri, Jan 13, 2006",-1,"Philadelphia 76ers",18
"100",101,"Mon, Jan 16, 2006",-10,"Detroit Pistons",6
"101",102,"Sat, Jan 21, 2006",-20,"New Jersey Nets",21
"102",103,"Sun, Jan 29, 2006",-4,"Milwaukee Bucks",25
"103",104,"Mon, Jan 30, 2006",-25,"Minnesota Timberwolves",11
"104",105,"Sat, Feb 4, 2006",-9,"Orlando Magic",23
"105",106,"Mon, Feb 6, 2006",-16,"Miami Heat",4
"106",107,"Tue, Feb 21, 2006",20,"Utah Jazz",27
"107",108,"Wed, Feb 22, 2006",-9,"Phoenix Suns",2
"108",109,"Fri, Feb 24, 2006",6,"Portland Trail Blazers",26
"109",110,"Sun, Feb 26, 2006",1,"Los Angeles Lakers",22
"110",111,"Sun, Mar 5, 2006",-6,"Toronto Raptors",19
"111",112,"Tue, Mar 7, 2006",1,"Washington Wizards",17
"112",113,"Tue, Mar 14, 2006",-17,"Memphis Grizzlies",8
"113",114,"Thu, Mar 16, 2006",-3,"Miami Heat",4
"114",115,"Fri, Mar 17, 2006",-7,"Orlando Magic",23
"115",116,"Sun, Mar 19, 2006",15,"Indiana Pacers",13
"116",117,"Fri, Mar 24, 2006",-12,"Cleveland Cavaliers",15
"117",118,"Wed, Mar 29, 2006",25,"New York Knicks",24
"118",119,"Sat, Apr 1, 2006",-6,"Chicago Bulls",12
"119",120,"Tue, Apr 4, 2006",4,"Toronto Raptors",19
"120",121,"Fri, Apr 7, 2006",10,"Philadelphia 76ers",18
"121",122,"Wed, Apr 12, 2006",-5,"Indiana Pacers",13
"122",123,"Sun, Apr 16, 2006",-2,"New Jersey Nets",21
"123",124,"Wed, Nov 2, 2005",14,"New York Knicks",24
"124",125,"Fri, Nov 4, 2005",-1,"Detroit Pistons",6
"125",126,"Wed, Nov 9, 2005",1,"Memphis Grizzlies",8
"126",127,"Fri, Nov 11, 2005",-21,"San Antonio Spurs",1
"127",128,"Sun, Nov 13, 2005",20,"Houston Rockets",5
"128",129,"Wed, Nov 16, 2005",-13,"Seattle SuperSonics",7
"129",130,"Fri, Nov 18, 2005",7,"Toronto Raptors",19
"130",131,"Fri, Nov 25, 2005",1,"Charlotte Bobcats",28
"131",132,"Mon, Nov 28, 2005",-4,"Orlando Magic",23
"132",133,"Wed, Nov 30, 2005",7,"Philadelphia 76ers",18
"133",134,"Fri, Dec 2, 2005",-4,"Chicago Bulls",12
"134",135,"Wed, Dec 14, 2005",14,"Indiana Pacers",13
"135",136,"Fri, Dec 16, 2005",-4,"Milwaukee Bucks",25
"136",137,"Mon, Dec 19, 2005",11,"Golden State Warriors",20
"137",138,"Wed, Dec 21, 2005",12,"Utah Jazz",27
"138",139,"Wed, Jan 4, 2006",3,"Charlotte Bobcats",28
"139",140,"Fri, Jan 6, 2006",-5,"Atlanta Hawks",30
"140",141,"Mon, Jan 9, 2006",-2,"Dallas Mavericks",3
"141",142,"Wed, Jan 18, 2006",7,"Minnesota Timberwolves",11
"142",143,"Fri, Jan 20, 2006",3,"New Jersey Nets",21
"143",145,"Wed, Jan 25, 2006",-2,"Washington Wizards",17
"144",146,"Fri, Jan 27, 2006",10,"Sacramento Kings",9
"145",147,"Wed, Feb 1, 2006",-8,"Phoenix Suns",2
"146",148,"Fri, Feb 3, 2006",-17,"Los Angeles Clippers",16
"147",149,"Fri, Feb 10, 2006",32,"Portland Trail Blazers",26
"148",150,"Sun, Feb 12, 2006",8,"Orlando Magic",23
"149",151,"Wed, Feb 15, 2006",-4,"Cleveland Cavaliers",15
"150",152,"Wed, Mar 1, 2006",-7,"Miami Heat",4
"151",153,"Fri, Mar 3, 2006",1,"Indiana Pacers",13
"152",154,"Wed, Mar 8, 2006",3,"Philadelphia 76ers",18
"153",155,"Fri, Mar 10, 2006",-6,"Milwaukee Bucks",25
"154",156,"Sun, Mar 12, 2006",5,"Denver Nuggets",10
"155",157,"Mon, Mar 20, 2006",-8,"Los Angeles Lakers",22
"156",158,"Wed, Mar 22, 2006",14,"Toronto Raptors",19
"157",159,"Sun, Mar 26, 2006",-4,"Chicago Bulls",12
"158",160,"Wed, Apr 5, 2006",-17,"Washington Wizards",17
"159",161,"Sun, Apr 9, 2006",-15,"New York Knicks",24
"160",162,"Fri, Apr 14, 2006",-5,"New Jersey Nets",21
"161",163,"Mon, Apr 17, 2006",-5,"Cleveland Cavaliers",15
"162",164,"Wed, Apr 19, 2006",7,"Miami Heat",4
"163",165,"Sat, Nov 4, 2006",-7,"Washington Wizards",11
"164",166,"Sat, Nov 11, 2006",-1,"Cleveland Cavaliers",8
"165",167,"Sat, Nov 18, 2006",4,"New York Knicks",29
"166",168,"Wed, Nov 22, 2006",-9,"Charlotte Bobcats",27
"167",169,"Sat, Nov 25, 2006",13,"Milwaukee Bucks",17
"168",170,"Fri, Dec 1, 2006",-4,"Toronto Raptors",25
"169",171,"Mon, Dec 4, 2006",-18,"Chicago Bulls",14
"170",172,"Sat, Dec 9, 2006",2,"New Jersey Nets",13
"171",173,"Mon, Dec 11, 2006",7,"New York Knicks",29
"172",174,"Wed, Dec 13, 2006",20,"Philadelphia 76ers",22
"173",175,"Sat, Dec 16, 2006",6,"Charlotte Bobcats",27
"174",176,"Tue, Dec 26, 2006",-11,"Denver Nuggets",15
"175",177,"Wed, Dec 27, 2006",-23,"Los Angeles Clippers",9
"176",178,"Fri, Dec 29, 2006",-10,"Golden State Warriors",16
"177",179,"Sun, Dec 31, 2006",-6,"Seattle SuperSonics",26
"178",180,"Mon, Jan 1, 2007",8,"Portland Trail Blazers",30
"179",181,"Fri, Jan 5, 2007",9,"Memphis Grizzlies",5
"180",182,"Sun, Jan 7, 2007",-8,"Orlando Magic",18
"181",183,"Sat, Jan 13, 2007",-8,"Detroit Pistons",2
"182",184,"Mon, Jan 15, 2007",-4,"Atlanta Hawks",28
"183",185,"Sat, Jan 20, 2007",-5,"Washington Wizards",11
"184",186,"Fri, Jan 26, 2007",-6,"Toronto Raptors",25
"185",187,"Tue, Jan 30, 2007",-7,"Indiana Pacers",10
"186",188,"Tue, Feb 6, 2007",-7,"Detroit Pistons",2
"187",189,"Sun, Feb 11, 2007",-2,"Minnesota Timberwolves",21
"188",190,"Tue, Feb 20, 2007",-3,"Sacramento Kings",12
"189",191,"Wed, Feb 21, 2007",-10,"Phoenix Suns",4
"190",192,"Fri, Feb 23, 2007",-26,"Los Angeles Lakers",7
"191",193,"Sat, Feb 24, 2007",-18,"Utah Jazz",23
"192",194,"Mon, Feb 26, 2007",5,"Houston Rockets",19
"193",195,"Sat, Mar 3, 2007",8,"New Jersey Nets",13
"194",196,"Tue, Mar 13, 2007",-8,"Chicago Bulls",14
"195",197,"Fri, Mar 16, 2007",-5,"Dallas Mavericks",3
"196",198,"Sat, Mar 17, 2007",6,"San Antonio Spurs",1
"197",199,"Mon, Mar 19, 2007",-18,"New Orleans/Oklahoma City Hornets",24
"198",200,"Fri, Mar 30, 2007",-6,"Philadelphia 76ers",22
"199",201,"Wed, Apr 4, 2007",-9,"Milwaukee Bucks",17
"200",202,"Sat, Apr 7, 2007",-7,"Indiana Pacers",10
"201",203,"Tue, Apr 10, 2007",-8,"Atlanta Hawks",28
"202",204,"Sun, Apr 15, 2007",-2,"Orlando Magic",18
"203",205,"Mon, Apr 16, 2007",2,"Miami Heat",6
"204",206,"Wed, Nov 1, 2006",-4,"New Orleans/Oklahoma City Hornets",24
"205",207,"Fri, Nov 3, 2006",-13,"Detroit Pistons",2
"206",208,"Wed, Nov 8, 2006",2,"Charlotte Bobcats",27
"207",209,"Fri, Nov 10, 2006",-7,"Utah Jazz",23
"208",210,"Mon, Nov 13, 2006",-3,"Orlando Magic",18
"209",211,"Wed, Nov 15, 2006",26,"Indiana Pacers",10
"210",212,"Fri, Nov 17, 2006",28,"Portland Trail Blazers",30
"211",213,"Fri, Nov 24, 2006",-24,"New York Knicks",29
"212",214,"Wed, Nov 29, 2006",-3,"New Jersey Nets",13
"213",215,"Wed, Dec 6, 2006",-2,"Memphis Grizzlies",5
"214",216,"Fri, Dec 8, 2006",-5,"Phoenix Suns",4
"215",217,"Fri, Dec 15, 2006",5,"Denver Nuggets",15
"216",218,"Wed, Dec 20, 2006",-1,"Golden State Warriors",16
"217",219,"Fri, Dec 22, 2006",-15,"Philadelphia 76ers",22
"218",220,"Wed, Jan 3, 2007",-3,"Cleveland Cavaliers",8
"219",221,"Wed, Jan 10, 2007",-13,"Indiana Pacers",10
"220",222,"Fri, Jan 12, 2007",-9,"Toronto Raptors",25
"221",223,"Fri, Jan 19, 2007",-5,"Sacramento Kings",12
"222",224,"Mon, Jan 22, 2007",-4,"San Antonio Spurs",1
"223",225,"Wed, Jan 24, 2007",-6,"Atlanta Hawks",28
"224",226,"Sun, Jan 28, 2007",-14,"Washington Wizards",11
"225",227,"Wed, Jan 31, 2007",-13,"Los Angeles Lakers",7
"226",228,"Fri, Feb 2, 2007",-11,"Los Angeles Clippers",9
"227",229,"Wed, Feb 7, 2007",-12,"Miami Heat",6
"228",230,"Fri, Feb 9, 2007",-14,"New Jersey Nets",13
"229",231,"Wed, Feb 14, 2007",20,"Milwaukee Bucks",17
"230",232,"Wed, Feb 28, 2007",8,"New York Knicks",29
"231",233,"Sun, Mar 4, 2007",7,"Minnesota Timberwolves",21
"232",234,"Wed, Mar 7, 2007",-31,"Houston Rockets",19
"233",235,"Fri, Mar 9, 2007",15,"Seattle SuperSonics",26
"234",236,"Sun, Mar 11, 2007",-16,"Chicago Bulls",14
"235",237,"Wed, Mar 14, 2007",21,"Atlanta Hawks",28
"236",238,"Wed, Mar 21, 2007",-8,"Charlotte Bobcats",27
"237",239,"Fri, Mar 23, 2007",-14,"Dallas Mavericks",3
"238",240,"Mon, Mar 26, 2007",8,"Toronto Raptors",25
"239",241,"Wed, Mar 28, 2007",9,"Orlando Magic",18
"240",242,"Sun, Apr 1, 2007",2,"Cleveland Cavaliers",8
"241",243,"Fri, Apr 6, 2007",-3,"Miami Heat",6
"242",244,"Wed, Apr 11, 2007",-8,"Philadelphia 76ers",22
"243",245,"Fri, Apr 13, 2007",-2,"Milwaukee Bucks",17
"244",246,"Wed, Apr 18, 2007",-2,"Detroit Pistons",2
"245",247,"Sun, Nov 4, 2007",3,"Toronto Raptors",10
"246",248,"Sat, Nov 10, 2007",11,"New Jersey Nets",16
"247",249,"Tue, Nov 13, 2007",15,"Indiana Pacers",20
"248",250,"Sun, Nov 18, 2007",-2,"Orlando Magic",11
"249",251,"Sat, Nov 24, 2007",1,"Charlotte Bobcats",27
"250",252,"Tue, Nov 27, 2007",-5,"Cleveland Cavaliers",7
"251",253,"Fri, Nov 30, 2007",10,"Miami Heat",19
"252",254,"Wed, Dec 5, 2007",10,"Philadelphia 76ers",24
"253",255,"Sat, Dec 8, 2007",11,"Chicago Bulls",5
"254",256,"Sun, Dec 16, 2007",13,"Toronto Raptors",10
"255",257,"Wed, Dec 26, 2007",20,"Sacramento Kings",17
"256",258,"Thu, Dec 27, 2007",8,"Seattle SuperSonics",21
"257",259,"Sat, Dec 29, 2007",6,"Utah Jazz",8
"258",260,"Sun, Dec 30, 2007",19,"Los Angeles Lakers",12
"259",261,"Sat, Jan 5, 2008",7,"Detroit Pistons",6
"260",262,"Fri, Jan 11, 2008",9,"New Jersey Nets",16
"261",263,"Sat, Jan 12, 2008",-7,"Washington Wizards",15
"262",264,"Mon, Jan 21, 2008",16,"New York Knicks",22
"263",265,"Sun, Jan 27, 2008",-3,"Orlando Magic",11
"264",266,"Tue, Jan 29, 2008",30,"Miami Heat",19
"265",267,"Tue, Feb 5, 2008",-1,"Cleveland Cavaliers",7
"266",268,"Fri, Feb 8, 2008",2,"Minnesota Timberwolves",23
"267",269,"Tue, Feb 12, 2008",7,"Indiana Pacers",20
"268",270,"Tue, Feb 19, 2008",-6,"Denver Nuggets",9
"269",271,"Wed, Feb 20, 2008",-2,"Golden State Warriors",13
"270",272,"Fri, Feb 22, 2008",-8,"Phoenix Suns",3
"271",273,"Sun, Feb 24, 2008",10,"Portland Trail Blazers",26
"272",274,"Mon, Feb 25, 2008",28,"Los Angeles Clippers",14
"273",275,"Sat, Mar 8, 2008",30,"Memphis Grizzlies",29
"274",276,"Mon, Mar 10, 2008",14,"Philadelphia 76ers",24
"275",277,"Sat, Mar 15, 2008",22,"Milwaukee Bucks",28
"276",278,"Mon, Mar 17, 2008",2,"San Antonio Spurs",1
"277",279,"Tue, Mar 18, 2008",20,"Houston Rockets",4
"278",280,"Thu, Mar 20, 2008",4,"Dallas Mavericks",2
"279",282,"Tue, Apr 1, 2008",14,"Chicago Bulls",5
"280",283,"Sat, Apr 5, 2008",23,"Charlotte Bobcats",27
"281",284,"Tue, Apr 8, 2008",3,"Milwaukee Bucks",28
"282",285,"Wed, Apr 9, 2008",-14,"Washington Wizards",15
"283",286,"Sat, Apr 12, 2008",10,"Atlanta Hawks",30
"284",287,"Mon, Apr 14, 2008",6,"New York Knicks",22
"285",288,"Fri, Nov 2, 2007",20,"Washington Wizards",15
"286",289,"Wed, Nov 7, 2007",26,"Denver Nuggets",9
"287",290,"Fri, Nov 9, 2007",23,"Atlanta Hawks",30
"288",291,"Wed, Nov 14, 2007",22,"New Jersey Nets",16
"289",292,"Fri, Nov 16, 2007",1,"Miami Heat",19
"290",293,"Wed, Nov 21, 2007",23,"Golden State Warriors",13
"291",294,"Fri, Nov 23, 2007",13,"Los Angeles Lakers",12
"292",295,"Thu, Nov 29, 2007",45,"New York Knicks",22
"293",296,"Sun, Dec 2, 2007",10,"Cleveland Cavaliers",7
"294",297,"Fri, Dec 7, 2007",28,"Toronto Raptors",10
"295",298,"Wed, Dec 12, 2007",12,"Sacramento Kings",17
"296",299,"Fri, Dec 14, 2007",22,"Milwaukee Bucks",28
"297",300,"Wed, Dec 19, 2007",-2,"Detroit Pistons",6
"298",301,"Fri, Dec 21, 2007",25,"Chicago Bulls",5
"299",302,"Sun, Dec 23, 2007",12,"Orlando Magic",11
"300",303,"Wed, Jan 2, 2008",4,"Houston Rockets",4
"301",304,"Fri, Jan 4, 2008",4,"Memphis Grizzlies",29
"302",305,"Wed, Jan 9, 2008",-12,"Charlotte Bobcats",27
"303",306,"Mon, Jan 14, 2008",-5,"Washington Wizards",15
"304",307,"Wed, Jan 16, 2008",10,"Portland Trail Blazers",26
"305",308,"Fri, Jan 18, 2008",27,"Philadelphia 76ers",24
"306",309,"Wed, Jan 23, 2008",-2,"Toronto Raptors",10
"307",310,"Fri, Jan 25, 2008",1,"Minnesota Timberwolves",23
"308",311,"Thu, Jan 31, 2008",6,"Dallas Mavericks",2
"309",312,"Wed, Feb 6, 2008",11,"Los Angeles Clippers",14
"310",313,"Sun, Feb 10, 2008",8,"San Antonio Spurs",1
"311",314,"Wed, Feb 13, 2008",8,"New York Knicks",22
"312",315,"Wed, Feb 27, 2008",5,"Cleveland Cavaliers",7
"313",316,"Fri, Feb 29, 2008",8,"Charlotte Bobcats",27
"314",317,"Sun, Mar 2, 2008",10,"Atlanta Hawks",30
"315",318,"Wed, Mar 5, 2008",12,"Detroit Pistons",6
"316",319,"Fri, Mar 7, 2008",23,"Chicago Bulls",5
"317",320,"Wed, Mar 12, 2008",29,"Seattle SuperSonics",21
"318",321,"Fri, Mar 14, 2008",-18,"Utah Jazz",8
"319",322,"Mon, Mar 24, 2008",-5,"Philadelphia 76ers",24
"320",323,"Wed, Mar 26, 2008",20,"Phoenix Suns",3
"321",325,"Sun, Mar 30, 2008",26,"Miami Heat",19
"322",326,"Wed, Apr 2, 2008",15,"Indiana Pacers",20
"323",327,"Fri, Apr 11, 2008",16,"Milwaukee Bucks",28
"324",328,"Wed, Apr 16, 2008",11,"New Jersey Nets",16
"325",329,"Sat, Nov 1, 2008",-16,"Indiana Pacers",18
"326",330,"Tue, Nov 4, 2008",4,"Houston Rockets",7
"327",332,"Sun, Nov 9, 2008",12,"Detroit Pistons",3
"328",333,"Sat, Nov 15, 2008",5,"Milwaukee Bucks",28
"329",334,"Fri, Nov 21, 2008",17,"Minnesota Timberwolves",25
"330",335,"Sun, Nov 23, 2008",15,"Toronto Raptors",12
"331",336,"Sat, Nov 29, 2008",5,"Charlotte Bobcats",22
"332",337,"Sun, Dec 7, 2008",5,"Indiana Pacers",18
"333",338,"Thu, Dec 11, 2008",34,"Washington Wizards",17
"334",339,"Wed, Dec 17, 2008",3,"Atlanta Hawks",20
"335",340,"Thu, Dec 25, 2008",-9,"Los Angeles Lakers",2
"336",341,"Fri, Dec 26, 2008",-10,"Golden State Warriors",13
"337",342,"Sun, Dec 28, 2008",45,"Sacramento Kings",19
"338",343,"Tue, Dec 30, 2008",-5,"Portland Trail Blazers",15
"339",344,"Sun, Jan 4, 2009",-12,"New York Knicks",26
"340",345,"Tue, Jan 6, 2009",-8,"Charlotte Bobcats",22
"341",346,"Fri, Jan 9, 2009",-15,"Cleveland Cavaliers",16
"342",347,"Sun, Jan 11, 2009",6,"Toronto Raptors",12
"343",348,"Sat, Jan 17, 2009",20,"New Jersey Nets",23
"344",349,"Wed, Jan 21, 2009",15,"Miami Heat",30
"345",350,"Thu, Jan 22, 2009",10,"Orlando Magic",10
"346",351,"Fri, Jan 30, 2009",8,"Detroit Pistons",3
"347",352,"Tue, Feb 3, 2009",1,"Philadelphia 76ers",14
"348",353,"Fri, Feb 6, 2009",10,"New York Knicks",26
"349",354,"Wed, Feb 11, 2009",12,"New Orleans Hornets",5
"350",355,"Thu, Feb 12, 2009",7,"Dallas Mavericks",9
"351",356,"Thu, Feb 19, 2009",-5,"Utah Jazz",4
"352",357,"Sun, Feb 22, 2009",20,"Phoenix Suns",8
"353",358,"Mon, Feb 23, 2009",38,"Denver Nuggets",11
"354",359,"Wed, Feb 25, 2009",-2,"Los Angeles Clippers",27
"355",360,"Wed, Mar 4, 2009",4,"New Jersey Nets",23
"356",361,"Wed, Mar 11, 2009",-8,"Miami Heat",30
"357",362,"Sun, Mar 15, 2009",-9,"Milwaukee Bucks",28
"358",363,"Tue, Mar 17, 2009",-6,"Chicago Bulls",21
"359",364,"Fri, Mar 20, 2009",3,"San Antonio Spurs",6
"360",365,"Sat, Mar 21, 2009",18,"Memphis Grizzlies",24
"361",366,"Wed, Mar 25, 2009",-2,"Orlando Magic",10
"362",367,"Fri, Mar 27, 2009",6,"Atlanta Hawks",20
"363",368,"Sun, Apr 12, 2009",-31,"Cleveland Cavaliers",16
"364",369,"Tue, Apr 14, 2009",2,"Philadelphia 76ers",14
"365",370,"Tue, Oct 28, 2008",5,"Cleveland Cavaliers",16
"366",371,"Fri, Oct 31, 2008",16,"Chicago Bulls",21
"367",372,"Fri, Nov 7, 2008",12,"Milwaukee Bucks",28
"368",373,"Mon, Nov 10, 2008",7,"Toronto Raptors",12
"369",374,"Wed, Nov 12, 2008",1,"Atlanta Hawks",20
"370",375,"Fri, Nov 14, 2008",-9,"Denver Nuggets",11
"371",376,"Tue, Nov 18, 2008",9,"New York Knicks",26
"372",377,"Thu, Nov 20, 2008",18,"Detroit Pistons",3
"373",378,"Wed, Nov 26, 2008",8,"Golden State Warriors",13
"374",379,"Fri, Nov 28, 2008",24,"Philadelphia 76ers",14
"375",380,"Mon, Dec 1, 2008",19,"Orlando Magic",10
"376",381,"Wed, Dec 3, 2008",18,"Indiana Pacers",18
"377",382,"Fri, Dec 5, 2008",15,"Portland Trail Blazers",15
"378",383,"Fri, Dec 12, 2008",12,"New Orleans Hornets",5
"379",384,"Mon, Dec 15, 2008",9,"Utah Jazz",4
"380",385,"Fri, Dec 19, 2008",18,"Chicago Bulls",21
"381",386,"Sun, Dec 21, 2008",19,"New York Knicks",26
"382",387,"Tue, Dec 23, 2008",19,"Philadelphia 76ers",14
"383",388,"Fri, Jan 2, 2009",25,"Washington Wizards",17
"384",389,"Wed, Jan 7, 2009",-4,"Houston Rockets",7
"385",390,"Mon, Jan 12, 2009",6,"Toronto Raptors",12
"386",391,"Wed, Jan 14, 2009",32,"New Jersey Nets",23
"387",392,"Mon, Jan 19, 2009",17,"Phoenix Suns",8
"388",393,"Sun, Jan 25, 2009",24,"Dallas Mavericks",9
"389",394,"Wed, Jan 28, 2009",19,"Sacramento Kings",19
"390",395,"Sun, Feb 1, 2009",8,"Minnesota Timberwolves",25
"391",396,"Thu, Feb 5, 2009",-1,"Los Angeles Lakers",2
"392",397,"Sun, Feb 8, 2009",-6,"San Antonio Spurs",6
"393",398,"Fri, Feb 27, 2009",5,"Indiana Pacers",18
"394",399,"Sun, Mar 1, 2009",-10,"Detroit Pistons",3
"395",400,"Fri, Mar 6, 2009",11,"Cleveland Cavaliers",16
"396",401,"Sun, Mar 8, 2009",-7,"Orlando Magic",10
"397",402,"Fri, Mar 13, 2009",10,"Memphis Grizzlies",24
"398",403,"Wed, Mar 18, 2009",4,"Miami Heat",30
"399",404,"Mon, Mar 23, 2009",13,"Los Angeles Clippers",27
"400",406,"Wed, Apr 1, 2009",2,"Charlotte Bobcats",22
"401",407,"Fri, Apr 3, 2009",12,"Atlanta Hawks",20
"402",408,"Wed, Apr 8, 2009",2,"New Jersey Nets",23
"403",409,"Fri, Apr 10, 2009",7,"Miami Heat",30
"404",410,"Wed, Apr 15, 2009",8,"Washington Wizards",17
"405",411,"Tue, Oct 27, 2009",6,"Cleveland Cavaliers",1
"406",412,"Tue, Nov 3, 2009",31,"Philadelphia 76ers",15
"407",413,"Wed, Nov 4, 2009",2,"Minnesota Timberwolves",25
"408",414,"Sat, Nov 7, 2009",10,"New Jersey Nets",22
"409",415,"Sat, Nov 14, 2009",-9,"Indiana Pacers",18
"410",416,"Sun, Nov 22, 2009",2,"New York Knicks",21
"411",417,"Sun, Nov 29, 2009",7,"Miami Heat",14
"412",418,"Tue, Dec 1, 2009",18,"Charlotte Bobcats",20
"413",419,"Thu, Dec 3, 2009",7,"San Antonio Spurs",7
"414",420,"Fri, Dec 4, 2009",18,"Oklahoma City Thunder",27
"415",421,"Thu, Dec 10, 2009",2,"Washington Wizards",28
"416",422,"Sat, Dec 12, 2009",26,"Chicago Bulls",16
"417",423,"Mon, Dec 14, 2009",5,"Memphis Grizzlies",26
"418",424,"Fri, Dec 25, 2009",9,"Orlando Magic",4
"419",425,"Sun, Dec 27, 2009",-2,"Los Angeles Clippers",30
"420",426,"Mon, Dec 28, 2009",-4,"Golden State Warriors",24
"421",427,"Wed, Dec 30, 2009",-18,"Phoenix Suns",12
"422",428,"Wed, Jan 6, 2010",6,"Miami Heat",14
"423",429,"Fri, Jan 8, 2010",-8,"Atlanta Hawks",10
"424",430,"Sun, Jan 10, 2010",7,"Toronto Raptors",23
"425",431,"Wed, Jan 13, 2010",24,"New Jersey Nets",22
"426",432,"Wed, Jan 20, 2010",-6,"Detroit Pistons",17
"427",433,"Thu, Jan 28, 2010",-2,"Orlando Magic",4
"428",434,"Fri, Jan 29, 2010",-9,"Atlanta Hawks",10
"429",435,"Mon, Feb 1, 2010",11,"Washington Wizards",28
"430",436,"Wed, Feb 10, 2010",-8,"New Orleans Hornets",13
"431",437,"Tue, Feb 16, 2010",3,"Sacramento Kings",29
"432",438,"Thu, Feb 18, 2010",1,"Los Angeles Lakers",3
"433",439,"Fri, Feb 19, 2010",20,"Portland Trail Blazers",5
"434",440,"Sun, Feb 21, 2010",-9,"Denver Nuggets",8
"435",441,"Tue, Mar 2, 2010",5,"Detroit Pistons",17
"436",442,"Fri, Mar 5, 2010",10,"Philadelphia 76ers",15
"437",443,"Tue, Mar 9, 2010",-2,"Milwaukee Bucks",19
"438",444,"Sun, Mar 14, 2010",-11,"Cleveland Cavaliers",1
"439",445,"Fri, Mar 19, 2010",7,"Houston Rockets",6
"440",446,"Sat, Mar 20, 2010",9,"Dallas Mavericks",11
"441",447,"Mon, Mar 22, 2010",-13,"Utah Jazz",9
"442",448,"Tue, Apr 6, 2010",-3,"New York Knicks",21
"443",449,"Wed, Apr 7, 2010",11,"Toronto Raptors",23
"444",450,"Sat, Apr 10, 2010",15,"Milwaukee Bucks",19
"445",451,"Tue, Apr 13, 2010",-8,"Chicago Bulls",16
"446",452,"Wed, Oct 28, 2009",33,"Charlotte Bobcats",20
"447",453,"Fri, Oct 30, 2009",28,"Chicago Bulls",16
"448",454,"Sun, Nov 1, 2009",10,"New Orleans Hornets",13
"449",455,"Fri, Nov 6, 2009",-7,"Phoenix Suns",12
"450",456,"Wed, Nov 11, 2009",19,"Utah Jazz",9
"451",457,"Fri, Nov 13, 2009",-11,"Atlanta Hawks",10
"452",458,"Wed, Nov 18, 2009",14,"Golden State Warriors",24
"453",459,"Fri, Nov 20, 2009",-5,"Orlando Magic",4
"454",460,"Wed, Nov 25, 2009",3,"Philadelphia 76ers",15
"455",461,"Fri, Nov 27, 2009",13,"Toronto Raptors",23
"456",462,"Tue, Dec 8, 2009",9,"Milwaukee Bucks",19
"457",463,"Fri, Dec 18, 2009",-1,"Philadelphia 76ers",15
"458",464,"Sun, Dec 20, 2009",18,"Minnesota Timberwolves",25
"459",465,"Tue, Dec 22, 2009",9,"Indiana Pacers",18
"460",466,"Sat, Jan 2, 2010",7,"Toronto Raptors",23
"461",467,"Mon, Jan 11, 2010",-6,"Atlanta Hawks",10
"462",468,"Thu, Jan 14, 2010",-13,"Chicago Bulls",16
"463",469,"Mon, Jan 18, 2010",-9,"Dallas Mavericks",11
"464",470,"Fri, Jan 22, 2010",3,"Portland Trail Blazers",5
"465",471,"Mon, Jan 25, 2010",6,"Los Angeles Clippers",30
"466",472,"Sun, Jan 31, 2010",-1,"Los Angeles Lakers",3
"467",473,"Wed, Feb 3, 2010",5,"Miami Heat",14
"468",474,"Fri, Feb 5, 2010",9,"New Jersey Nets",22
"469",475,"Sun, Feb 7, 2010",-7,"Orlando Magic",4
"470",476,"Tue, Feb 23, 2010",4,"New York Knicks",21
"471",477,"Thu, Feb 25, 2010",-20,"Cleveland Cavaliers",1
"472",478,"Sat, Feb 27, 2010",-8,"New Jersey Nets",22
"473",479,"Wed, Mar 3, 2010",24,"Charlotte Bobcats",20
"474",480,"Sun, Mar 7, 2010",3,"Washington Wizards",28
"475",481,"Wed, Mar 10, 2010",-20,"Memphis Grizzlies",26
"476",482,"Fri, Mar 12, 2010",19,"Indiana Pacers",18
"477",483,"Mon, Mar 15, 2010",26,"Detroit Pistons",17
"478",484,"Wed, Mar 17, 2010",12,"New York Knicks",21
"479",485,"Wed, Mar 24, 2010",14,"Denver Nuggets",8
"480",486,"Fri, Mar 26, 2010",8,"Sacramento Kings",29
"481",487,"Sun, Mar 28, 2010",-21,"San Antonio Spurs",7
"482",488,"Wed, Mar 31, 2010",-5,"Oklahoma City Thunder",27
"483",489,"Fri, Apr 2, 2010",-5,"Houston Rockets",6
"484",490,"Sun, Apr 4, 2010",4,"Cleveland Cavaliers",1
"485",491,"Fri, Apr 9, 2010",-10,"Washington Wizards",28
"486",492,"Wed, Apr 14, 2010",-11,"Milwaukee Bucks",19
"487",493,"Wed, Oct 27, 2010",-8,"Cleveland Cavaliers",2
"488",494,"Tue, Nov 2, 2010",23,"Detroit Pistons",27
"489",495,"Sun, Nov 7, 2010",9,"Oklahoma City Thunder",9
"490",496,"Mon, Nov 8, 2010",-2,"Dallas Mavericks",12
"491",497,"Thu, Nov 11, 2010",5,"Miami Heat",13
"492",498,"Sat, Nov 13, 2010",6,"Memphis Grizzlies",17
"493",499,"Sun, Nov 21, 2010",-1,"Toronto Raptors",18
"494",500,"Mon, Nov 22, 2010",23,"Atlanta Hawks",7
"495",501,"Tue, Nov 30, 2010",19,"Cleveland Cavaliers",2
"496",502,"Sun, Dec 5, 2010",25,"New Jersey Nets",30
"497",503,"Thu, Dec 9, 2010",1,"Philadelphia 76ers",25
"498",504,"Sat, Dec 11, 2010",31,"Charlotte Bobcats",15
"499",505,"Wed, Dec 15, 2010",2,"New York Knicks",23
"500",506,"Sat, Dec 25, 2010",-8,"Orlando Magic",1
"501",507,"Tue, Dec 28, 2010",12,"Indiana Pacers",21
"502",508,"Wed, Dec 29, 2010",-12,"Detroit Pistons",27
"503",509,"Sun, Jan 2, 2011",14,"Toronto Raptors",18
"504",510,"Sat, Jan 8, 2011",-11,"Chicago Bulls",19
"505",511,"Sat, Jan 22, 2011",-2,"Washington Wizards",26
"506",512,"Thu, Jan 27, 2011",10,"Portland Trail Blazers",10
"507",513,"Fri, Jan 28, 2011",-17,"Phoenix Suns",6
"508",514,"Sun, Jan 30, 2011",13,"Los Angeles Lakers",5
"509",515,"Tue, Feb 1, 2011",5,"Sacramento Kings",24
"510",516,"Mon, Feb 7, 2011",-5,"Charlotte Bobcats",15
"511",517,"Tue, Feb 22, 2011",22,"Golden State Warriors",22
"512",518,"Thu, Feb 24, 2011",-14,"Denver Nuggets",8
"513",519,"Sat, Feb 26, 2011",7,"Los Angeles Clippers",28
"514",520,"Mon, Feb 28, 2011",5,"Utah Jazz",3
"515",521,"Sun, Mar 6, 2011",6,"Milwaukee Bucks",14
"516",522,"Fri, Mar 11, 2011",-3,"Philadelphia 76ers",25
"517",523,"Mon, Mar 14, 2011",-9,"New Jersey Nets",30
"518",524,"Fri, Mar 18, 2011",-16,"Houston Rockets",16
"519",525,"Sat, Mar 19, 2011",4,"New Orleans Hornets",20
"520",526,"Mon, Mar 21, 2011",10,"New York Knicks",23
"521",527,"Sun, Mar 27, 2011",3,"Minnesota Timberwolves",29
"522",528,"Mon, Mar 28, 2011",-7,"Indiana Pacers",21
"523",529,"Thu, Mar 31, 2011",10,"San Antonio Spurs",4
"524",530,"Fri, Apr 1, 2011",-5,"Atlanta Hawks",7
"525",531,"Thu, Apr 7, 2011",-16,"Chicago Bulls",19
"526",532,"Sun, Apr 10, 2011",-23,"Miami Heat",13
"527",533,"Mon, Apr 11, 2011",-1,"Washington Wizards",26
"528",534,"Tue, Oct 26, 2010",8,"Miami Heat",13
"529",535,"Fri, Oct 29, 2010",4,"New York Knicks",23
"530",536,"Wed, Nov 3, 2010",3,"Milwaukee Bucks",14
"531",537,"Fri, Nov 5, 2010",5,"Chicago Bulls",19
"532",538,"Wed, Nov 17, 2010",31,"Washington Wizards",26
"533",539,"Fri, Nov 19, 2010",-5,"Oklahoma City Thunder",9
"534",540,"Wed, Nov 24, 2010",6,"New Jersey Nets",30
"535",541,"Fri, Nov 26, 2010",9,"Toronto Raptors",18
"536",542,"Wed, Dec 1, 2010",4,"Portland Trail Blazers",10
"537",543,"Fri, Dec 3, 2010",12,"Chicago Bulls",19
"538",544,"Wed, Dec 8, 2010",16,"Denver Nuggets",8
"539",545,"Thu, Dec 16, 2010",12,"Atlanta Hawks",7
"540",546,"Sun, Dec 19, 2010",11,"Indiana Pacers",21
"541",547,"Wed, Dec 22, 2010",4,"Philadelphia 76ers",25
"542",548,"Fri, Dec 31, 2010",-2,"New Orleans Hornets",20
"543",549,"Mon, Jan 3, 2011",3,"Minnesota Timberwolves",29
"544",550,"Wed, Jan 5, 2011",2,"San Antonio Spurs",4
"545",551,"Fri, Jan 7, 2011",20,"Toronto Raptors",18
"546",552,"Mon, Jan 10, 2011",-6,"Houston Rockets",16
"547",553,"Wed, Jan 12, 2011",24,"Sacramento Kings",24
"548",554,"Fri, Jan 14, 2011",5,"Charlotte Bobcats",15
"549",555,"Mon, Jan 17, 2011",3,"Orlando Magic",1
"550",556,"Wed, Jan 19, 2011",4,"Detroit Pistons",27
"551",557,"Fri, Jan 21, 2011",24,"Utah Jazz",3
"552",558,"Tue, Jan 25, 2011",17,"Cleveland Cavaliers",2
"553",559,"Fri, Feb 4, 2011",-4,"Dallas Mavericks",12
"554",560,"Sun, Feb 6, 2011",11,"Orlando Magic",1
"555",561,"Thu, Feb 10, 2011",-6,"Los Angeles Lakers",5
"556",562,"Sun, Feb 13, 2011",3,"Miami Heat",13
"557",563,"Wed, Feb 16, 2011",14,"New Jersey Nets",30
"558",564,"Wed, Mar 2, 2011",12,"Phoenix Suns",6
"559",565,"Fri, Mar 4, 2011",4,"Golden State Warriors",22
"560",566,"Wed, Mar 9, 2011",-5,"Los Angeles Clippers",28
"561",567,"Sun, Mar 13, 2011",31,"Milwaukee Bucks",14
"562",568,"Wed, Mar 16, 2011",12,"Indiana Pacers",21
"563",569,"Wed, Mar 23, 2011",-3,"Memphis Grizzlies",17
"564",570,"Fri, Mar 25, 2011",-2,"Charlotte Bobcats",15
"565",571,"Sun, Apr 3, 2011",11,"Detroit Pistons",27
"566",572,"Tue, Apr 5, 2011",17,"Philadelphia 76ers",25
"567",573,"Fri, Apr 8, 2011",16,"Washington Wizards",26
"568",574,"Wed, Apr 13, 2011",10,"New York Knicks",23
"569",575,"Sun, Dec 25, 2011",-2,"New York Knicks",15
"570",576,"Tue, Dec 27, 2011",-8,"Miami Heat",1
"571",577,"Wed, Dec 28, 2011",-19,"New Orleans Hornets",13
"572",578,"Sun, Jan 1, 2012",8,"Washington Wizards",29
"573",579,"Sat, Jan 14, 2012",-14,"Indiana Pacers",19
"574",580,"Sun, Jan 22, 2012",6,"Washington Wizards",29
"575",581,"Thu, Jan 26, 2012",8,"Orlando Magic",5
"576",582,"Tue, Jan 31, 2012",3,"Cleveland Cavaliers",30
"577",583,"Fri, Feb 10, 2012",-12,"Toronto Raptors",27
"578",584,"Thu, Feb 16, 2012",-9,"Chicago Bulls",2
"579",585,"Sun, Feb 19, 2012",-15,"Detroit Pistons",23
"580",586,"Mon, Feb 20, 2012",-16,"Dallas Mavericks",8
"581",587,"Wed, Feb 22, 2012",-15,"Oklahoma City Thunder",9
"582",588,"Tue, Feb 28, 2012",3,"Cleveland Cavaliers",30
"583",589,"Wed, Mar 7, 2012",-32,"Philadelphia 76ers",14
"584",590,"Sun, Mar 11, 2012",-3,"Los Angeles Lakers",3
"585",591,"Mon, Mar 12, 2012",9,"Los Angeles Clippers",22
"586",592,"Wed, Mar 14, 2012",2,"Golden State Warriors",21
"587",593,"Fri, Mar 16, 2012",-25,"Sacramento Kings",25
"588",594,"Sat, Mar 17, 2012",-7,"Denver Nuggets",7
"589",595,"Mon, Mar 19, 2012",3,"Atlanta Hawks",18
"590",596,"Thu, Mar 22, 2012",9,"Milwaukee Bucks",17
"591",597,"Fri, Mar 23, 2012",-13,"Philadelphia 76ers",14
"592",598,"Mon, Mar 26, 2012",7,"Charlotte Bobcats",24
"593",599,"Fri, Mar 30, 2012",21,"Minnesota Timberwolves",26
"594",600,"Thu, Apr 5, 2012",-7,"Chicago Bulls",2
"595",601,"Sat, Apr 7, 2012",14,"Indiana Pacers",19
"596",602,"Tue, Apr 10, 2012",8,"Miami Heat",1
"597",603,"Fri, Apr 13, 2012",-5,"Toronto Raptors",27
"598",604,"Sat, Apr 14, 2012",12,"New Jersey Nets",28
"599",605,"Sun, Apr 15, 2012",12,"Charlotte Bobcats",24
"600",606,"Tue, Apr 17, 2012",-8,"New York Knicks",15
"601",607,"Fri, Apr 20, 2012",-5,"Atlanta Hawks",18
"602",608,"Fri, Dec 30, 2011",11,"Detroit Pistons",23
"603",609,"Mon, Jan 2, 2012",8,"Washington Wizards",29
"604",610,"Wed, Jan 4, 2012",19,"New Jersey Nets",28
"605",611,"Fri, Jan 6, 2012",-13,"Indiana Pacers",19
"606",612,"Wed, Jan 11, 2012",-5,"Dallas Mavericks",8
"607",613,"Fri, Jan 13, 2012",-9,"Chicago Bulls",2
"608",614,"Mon, Jan 16, 2012",-9,"Oklahoma City Thunder",9
"609",615,"Wed, Jan 18, 2012",23,"Toronto Raptors",27
"610",616,"Fri, Jan 20, 2012",-8,"Phoenix Suns",16
"611",617,"Mon, Jan 23, 2012",31,"Orlando Magic",5
"612",618,"Fri, Jan 27, 2012",7,"Indiana Pacers",19
"613",619,"Sun, Jan 29, 2012",-1,"Cleveland Cavaliers",30
"614",620,"Wed, Feb 1, 2012",36,"Toronto Raptors",27
"615",621,"Fri, Feb 3, 2012",2,"New York Knicks",15
"616",622,"Sun, Feb 5, 2012",18,"Memphis Grizzlies",10
"617",623,"Tue, Feb 7, 2012",10,"Charlotte Bobcats",24
"618",624,"Thu, Feb 9, 2012",-1,"Los Angeles Lakers",3
"619",625,"Sun, Feb 12, 2012",4,"Chicago Bulls",2
"620",626,"Wed, Feb 15, 2012",-10,"Detroit Pistons",23
"621",627,"Wed, Feb 29, 2012",6,"Milwaukee Bucks",17
"622",628,"Fri, Mar 2, 2012",13,"New Jersey Nets",28
"623",629,"Sun, Mar 4, 2012",4,"New York Knicks",15
"624",630,"Tue, Mar 6, 2012",5,"Houston Rockets",11
"625",631,"Fri, Mar 9, 2012",18,"Portland Trail Blazers",12
"626",632,"Sun, Mar 25, 2012",12,"Washington Wizards",29
"627",633,"Wed, Mar 28, 2012",12,"Utah Jazz",20
"628",634,"Sun, Apr 1, 2012",19,"Miami Heat",1
"629",635,"Wed, Apr 4, 2012",-1,"San Antonio Spurs",4
"630",636,"Sun, Apr 8, 2012",24,"Philadelphia 76ers",14
"631",637,"Wed, Apr 11, 2012",2,"Atlanta Hawks",18
"632",638,"Wed, Apr 18, 2012",4,"Orlando Magic",5
"633",639,"Tue, Apr 24, 2012",12,"Miami Heat",1
"634",640,"Thu, Apr 26, 2012",13,"Milwaukee Bucks",17
"635",641,"Tue, Oct 30, 2012",-13,"Miami Heat",4
"636",642,"Sat, Nov 3, 2012",3,"Washington Wizards",26
"637",643,"Sat, Nov 10, 2012",4,"Milwaukee Bucks",19
"638",644,"Mon, Nov 12, 2012",6,"Chicago Bulls",1
"639",646,"Sun, Nov 18, 2012",-20,"Detroit Pistons",27
"640",647,"Sun, Nov 25, 2012",6,"Orlando Magic",18
"641",648,"Sat, Dec 1, 2012",-3,"Milwaukee Bucks",19
"642",649,"Fri, Dec 7, 2012",-1,"Philadelphia 76ers",5
"643",650,"Fri, Dec 14, 2012",-12,"Houston Rockets",16
"644",651,"Sat, Dec 15, 2012",-15,"San Antonio Spurs",2
"645",652,"Tue, Dec 18, 2012",-11,"Chicago Bulls",1
"646",654,"Thu, Dec 27, 2012",-29,"Los Angeles Clippers",7
"647",655,"Sat, Dec 29, 2012",-18,"Golden State Warriors",22
"648",656,"Sun, Dec 30, 2012",-22,"Sacramento Kings",25
"649",657,"Sat, Jan 5, 2013",8,"Atlanta Hawks",9
"650",658,"Mon, Jan 7, 2013",6,"New York Knicks",10
"651",659,"Sun, Jan 20, 2013",-15,"Detroit Pistons",27
"652",660,"Tue, Jan 22, 2013",-5,"Cleveland Cavaliers",29
"653",661,"Fri, Jan 25, 2013",-12,"Atlanta Hawks",9
"654",662,"Wed, Feb 6, 2013",4,"Toronto Raptors",24
"655",663,"Mon, Feb 11, 2013",-3,"Charlotte Bobcats",30
"656",664,"Tue, Feb 19, 2013",-7,"Denver Nuggets",6
"657",665,"Wed, Feb 20, 2013",-14,"Los Angeles Lakers",13
"658",666,"Fri, Feb 22, 2013",25,"Phoenix Suns",17
"659",667,"Sun, Feb 24, 2013",-6,"Portland Trail Blazers",20
"660",668,"Mon, Feb 25, 2013",3,"Utah Jazz",15
"661",669,"Tue, Mar 5, 2013",8,"Philadelphia 76ers",5
"662",670,"Wed, Mar 6, 2013",2,"Indiana Pacers",8
"663",671,"Sun, Mar 10, 2013",-12,"Oklahoma City Thunder",3
"664",672,"Tue, Mar 12, 2013",-26,"Charlotte Bobcats",30
"665",673,"Wed, Mar 20, 2013",-1,"New Orleans Hornets",23
"666",674,"Fri, Mar 22, 2013",-10,"Dallas Mavericks",14
"667",675,"Sat, Mar 23, 2013",-4,"Memphis Grizzlies",11
"668",676,"Wed, Mar 27, 2013",1,"Cleveland Cavaliers",29
"669",677,"Sun, Mar 31, 2013",-19,"New York Knicks",10
"670",678,"Mon, Apr 1, 2013",-10,"Minnesota Timberwolves",21
"671",679,"Fri, Apr 12, 2013",-8,"Miami Heat",4
"672",680,"Sat, Apr 13, 2013",32,"Orlando Magic",18
"673",681,"Wed, Apr 17, 2013",-24,"Toronto Raptors",24
"674",682,"Fri, Nov 2, 2012",-11,"Milwaukee Bucks",19
"675",683,"Wed, Nov 7, 2012",6,"Washington Wizards",26
"676",684,"Fri, Nov 9, 2012",-6,"Philadelphia 76ers",5
"677",685,"Wed, Nov 14, 2012",5,"Utah Jazz",15
"678",686,"Sat, Nov 17, 2012",18,"Toronto Raptors",24
"679",687,"Wed, Nov 21, 2012",-12,"San Antonio Spurs",2
"680",688,"Fri, Nov 23, 2012",8,"Oklahoma City Thunder",3
"681",690,"Fri, Nov 30, 2012",18,"Portland Trail Blazers",20
"682",691,"Wed, Dec 5, 2012",10,"Minnesota Timberwolves",21
"683",692,"Sat, Dec 8, 2012",13,"Philadelphia 76ers",5
"684",693,"Wed, Dec 12, 2012",2,"Dallas Mavericks",14
"685",694,"Wed, Dec 19, 2012",12,"Cleveland Cavaliers",29
"686",695,"Fri, Dec 21, 2012",-5,"Milwaukee Bucks",19
"687",696,"Wed, Jan 2, 2013",-10,"Memphis Grizzlies",11
"688",697,"Fri, Jan 4, 2013",19,"Indiana Pacers",8
"689",698,"Wed, Jan 9, 2013",8,"Phoenix Suns",17
"690",699,"Fri, Jan 11, 2013",12,"Houston Rockets",16
"691",700,"Mon, Jan 14, 2013",11,"Charlotte Bobcats",30
"692",701,"Wed, Jan 16, 2013",-12,"New Orleans Hornets",23
"693",702,"Fri, Jan 18, 2013",-1,"Chicago Bulls",1
"694",703,"Thu, Jan 24, 2013",-3,"New York Knicks",10
"695",704,"Sun, Jan 27, 2013",2,"Miami Heat",4
"696",705,"Wed, Jan 30, 2013",18,"Sacramento Kings",25
"697",706,"Fri, Feb 1, 2013",13,"Orlando Magic",18
"698",707,"Sun, Feb 3, 2013",2,"Los Angeles Clippers",7
"699",708,"Thu, Feb 7, 2013",21,"Los Angeles Lakers",13
"700",709,"Sun, Feb 10, 2013",4,"Denver Nuggets",6
"701",710,"Wed, Feb 13, 2013",2,"Chicago Bulls",1
"702",711,"Fri, Mar 1, 2013",8,"Golden State Warriors",22
"703",712,"Fri, Mar 8, 2013",5,"Atlanta Hawks",9
"704",713,"Wed, Mar 13, 2013",24,"Toronto Raptors",24
"705",714,"Sat, Mar 16, 2013",17,"Charlotte Bobcats",30
"706",715,"Mon, Mar 18, 2013",-2,"Miami Heat",4
"707",716,"Tue, Mar 26, 2013",-15,"New York Knicks",10
"708",717,"Fri, Mar 29, 2013",11,"Atlanta Hawks",9
"709",718,"Wed, Apr 3, 2013",5,"Detroit Pistons",27
"710",719,"Fri, Apr 5, 2013",-6,"Cleveland Cavaliers",29
"711",720,"Sun, Apr 7, 2013",11,"Washington Wizards",26
"712",722,"Wed, Oct 30, 2013",-6,"Toronto Raptors",18
"713",723,"Sun, Nov 3, 2013",-10,"Detroit Pistons",26
"714",724,"Mon, Nov 4, 2013",-7,"Memphis Grizzlies",6
"715",725,"Fri, Nov 8, 2013",2,"Orlando Magic",29
"716",726,"Sat, Nov 9, 2013",1,"Miami Heat",2
"717",727,"Sat, Nov 16, 2013",-18,"Minnesota Timberwolves",19
"718",728,"Tue, Nov 19, 2013",-24,"Houston Rockets",8
"719",729,"Wed, Nov 20, 2013",-11,"San Antonio Spurs",3
"720",730,"Sat, Nov 23, 2013",7,"Atlanta Hawks",16
"721",731,"Mon, Nov 25, 2013",10,"Charlotte Bobcats",30
"722",732,"Sat, Nov 30, 2013",-7,"Milwaukee Bucks",20
"723",733,"Sun, Dec 8, 2013",41,"New York Knicks",7
"724",734,"Tue, Dec 10, 2013",-8,"Brooklyn Nets",12
"725",735,"Sun, Dec 22, 2013",-27,"Indiana Pacers",9
"726",736,"Thu, Jan 2, 2014",-12,"Chicago Bulls",14
"727",737,"Sun, Jan 5, 2014",-23,"Oklahoma City Thunder",1
"728",738,"Tue, Jan 7, 2014",-31,"Denver Nuggets",5
"729",739,"Wed, Jan 8, 2014",-6,"Los Angeles Clippers",4
"730",740,"Fri, Jan 10, 2014",-2,"Golden State Warriors",11
"731",741,"Sat, Jan 11, 2014",-8,"Portland Trail Blazers",21
"732",742,"Sun, Jan 19, 2014",-2,"Orlando Magic",29
"733",743,"Tue, Jan 21, 2014",-7,"Miami Heat",2
"734",744,"Wed, Jan 22, 2014",2,"Washington Wizards",22
"735",745,"Tue, Jan 28, 2014",-26,"New York Knicks",7
"736",746,"Wed, Feb 5, 2014",6,"Philadelphia 76ers",24
"737",747,"Mon, Feb 10, 2014",16,"Milwaukee Bucks",20
"738",748,"Wed, Feb 19, 2014",-6,"Phoenix Suns",28
"739",749,"Fri, Feb 21, 2014",-9,"Los Angeles Lakers",10
"740",750,"Sat, Feb 22, 2014",-7,"Sacramento Kings",25
"741",751,"Mon, Feb 24, 2014",-12,"Utah Jazz",13
"742",752,"Tue, Mar 11, 2014",-11,"Indiana Pacers",9
"743",754,"Mon, Mar 17, 2014",-5,"Dallas Mavericks",15
"744",755,"Fri, Mar 21, 2014",-16,"Brooklyn Nets",12
"745",756,"Fri, Mar 28, 2014",-2,"Toronto Raptors",18
"746",757,"Mon, Mar 31, 2014",-14,"Chicago Bulls",14
"747",758,"Wed, Apr 2, 2014",-26,"Washington Wizards",22
"748",759,"Sat, Apr 5, 2014",-4,"Detroit Pistons",26
"749",760,"Wed, Apr 9, 2014",-8,"Atlanta Hawks",16
"750",761,"Sat, Apr 12, 2014",12,"Cleveland Cavaliers",27
"751",762,"Mon, Apr 14, 2014",-5,"Philadelphia 76ers",24
"752",763,"Fri, Nov 1, 2013",-7,"Milwaukee Bucks",20
"753",764,"Wed, Nov 6, 2013",10,"Utah Jazz",13
"754",765,"Mon, Nov 11, 2013",15,"Orlando Magic",29
"755",766,"Wed, Nov 13, 2013",-6,"Charlotte Bobcats",30
"756",767,"Fri, Nov 15, 2013",-13,"Portland Trail Blazers",21
"757",768,"Fri, Nov 22, 2013",-15,"Indiana Pacers",9
"758",769,"Wed, Nov 27, 2013",-7,"Memphis Grizzlies",6
"759",770,"Fri, Nov 29, 2013",17,"Cleveland Cavaliers",27
"760",771,"Tue, Dec 3, 2013",8,"Milwaukee Bucks",20
"761",772,"Fri, Dec 6, 2013",8,"Denver Nuggets",5
"762",773,"Wed, Dec 11, 2013",-8,"Los Angeles Clippers",4
"763",774,"Fri, Dec 13, 2013",4,"New York Knicks",7
"764",775,"Mon, Dec 16, 2013",4,"Minnesota Timberwolves",19
"765",776,"Wed, Dec 18, 2013",-1,"Detroit Pistons",26
"766",777,"Sat, Dec 21, 2013",-7,"Washington Wizards",22
"767",778,"Sat, Dec 28, 2013",3,"Cleveland Cavaliers",27
"768",779,"Tue, Dec 31, 2013",-1,"Atlanta Hawks",16
"769",781,"Mon, Jan 13, 2014",-12,"Houston Rockets",8
"770",782,"Wed, Jan 15, 2014",5,"Toronto Raptors",18
"771",783,"Fri, Jan 17, 2014",-3,"Los Angeles Lakers",10
"772",784,"Fri, Jan 24, 2014",-18,"Oklahoma City Thunder",1
"773",785,"Sun, Jan 26, 2014",-6,"Brooklyn Nets",12
"774",786,"Wed, Jan 29, 2014",-1,"Philadelphia 76ers",24
"775",787,"Sun, Feb 2, 2014",7,"Orlando Magic",29
"776",788,"Fri, Feb 7, 2014",10,"Sacramento Kings",25
"777",789,"Sun, Feb 9, 2014",-11,"Dallas Mavericks",15
"778",790,"Wed, Feb 12, 2014",-12,"San Antonio Spurs",3
"779",791,"Wed, Feb 26, 2014",11,"Atlanta Hawks",16
"780",792,"Sat, Mar 1, 2014",-5,"Indiana Pacers",9
"781",793,"Wed, Mar 5, 2014",-20,"Golden State Warriors",11
"782",794,"Fri, Mar 7, 2014",7,"Brooklyn Nets",12
"783",795,"Sun, Mar 9, 2014",7,"Detroit Pistons",26
"784",796,"Wed, Mar 12, 2014",-24,"New York Knicks",7
"785",797,"Fri, Mar 14, 2014",-7,"Phoenix Suns",28
"786",798,"Wed, Mar 19, 2014",5,"Miami Heat",2
"787",799,"Wed, Mar 26, 2014",-9,"Toronto Raptors",18
"788",800,"Sun, Mar 30, 2014",-5,"Chicago Bulls",14
"789",801,"Fri, Apr 4, 2014",-9,"Philadelphia 76ers",24
"790",802,"Fri, Apr 11, 2014",3,"Charlotte Bobcats",30
"791",803,"Wed, Apr 16, 2014",-16,"Washington Wizards",22
"792",804,"Sat, Nov 1, 2014",-14,"Houston Rockets",5
"793",805,"Mon, Nov 3, 2014",-5,"Dallas Mavericks",9
"794",806,"Sat, Nov 8, 2014",5,"Chicago Bulls",14
"795",807,"Wed, Nov 19, 2014",11,"Philadelphia 76ers",30
"796",808,"Fri, Nov 21, 2014",-17,"Memphis Grizzlies",13
"797",809,"Tue, Dec 2, 2014",-4,"Atlanta Hawks",16
"798",810,"Mon, Dec 8, 2014",-1,"Washington Wizards",15
"799",812,"Mon, Dec 15, 2014",18,"Philadelphia 76ers",30
"800",813,"Sun, Dec 21, 2014",-16,"Miami Heat",6
"801",814,"Tue, Dec 23, 2014",-5,"Orlando Magic",27
"802",815,"Sat, Dec 27, 2014",-13,"Washington Wizards",15
"803",816,"Sat, Jan 3, 2015",-5,"Chicago Bulls",14
"804",817,"Wed, Jan 7, 2015",8,"Brooklyn Nets",20
"805",818,"Fri, Jan 9, 2015",-4,"Indiana Pacers",8
"806",819,"Sat, Jan 10, 2015",-13,"Toronto Raptors",12
"807",820,"Mon, Jan 19, 2015",-9,"Los Angeles Clippers",2
"808",821,"Thu, Jan 22, 2015",1,"Portland Trail Blazers",7
"809",822,"Fri, Jan 23, 2015",1,"Denver Nuggets",19
"810",823,"Sun, Jan 25, 2015",-3,"Golden State Warriors",4
"811",824,"Mon, Jan 26, 2015",9,"Utah Jazz",28
"812",825,"Wed, Jan 28, 2015",-12,"Minnesota Timberwolves",10
"813",826,"Tue, Feb 3, 2015",11,"New York Knicks",18
"814",827,"Sat, Feb 7, 2015",-3,"Milwaukee Bucks",29
"815",828,"Fri, Feb 20, 2015",-8,"Sacramento Kings",22
"816",829,"Sun, Feb 22, 2015",-7,"Los Angeles Lakers",25
"817",830,"Mon, Feb 23, 2015",5,"Phoenix Suns",11
"818",831,"Tue, Mar 3, 2015",-31,"Cleveland Cavaliers",23
"819",832,"Fri, Mar 6, 2015",6,"New Orleans Pelicans",21
"820",833,"Sun, Mar 8, 2015",-5,"Orlando Magic",27
"821",834,"Mon, Mar 9, 2015",10,"Miami Heat",6
"822",835,"Sat, Mar 14, 2015",4,"Indiana Pacers",8
"823",836,"Wed, Mar 18, 2015",-4,"Oklahoma City Thunder",3
"824",837,"Fri, Mar 20, 2015",-12,"San Antonio Spurs",1
"825",838,"Mon, Mar 23, 2015",19,"Brooklyn Nets",20
"826",839,"Fri, Mar 27, 2015",4,"New York Knicks",18
"827",841,"Sat, Apr 4, 2015",1,"Toronto Raptors",12
"828",842,"Wed, Apr 8, 2015",10,"Detroit Pistons",24
"829",843,"Fri, Apr 10, 2015",9,"Cleveland Cavaliers",23
"830",844,"Wed, Apr 15, 2015",5,"Milwaukee Bucks",29
"831",845,"Wed, Oct 29, 2014",16,"Brooklyn Nets",20
"832",846,"Wed, Nov 5, 2014",-3,"Toronto Raptors",12
"833",847,"Fri, Nov 7, 2014",3,"Indiana Pacers",8
"834",848,"Wed, Nov 12, 2014",-15,"Oklahoma City Thunder",3
"835",849,"Fri, Nov 14, 2014",-1,"Cleveland Cavaliers",23
"836",850,"Mon, Nov 17, 2014",-4,"Phoenix Suns",11
"837",851,"Sun, Nov 23, 2014",-6,"Portland Trail Blazers",7
"838",852,"Fri, Nov 28, 2014",-7,"Chicago Bulls",14
"839",853,"Sun, Nov 30, 2014",-22,"San Antonio Spurs",1
"840",854,"Wed, Dec 3, 2014",7,"Detroit Pistons",24
"841",855,"Fri, Dec 5, 2014",17,"Los Angeles Lakers",25
"842",856,"Sun, Dec 7, 2014",8,"Washington Wizards",15
"843",857,"Fri, Dec 12, 2014",-6,"New York Knicks",18
"844",858,"Wed, Dec 17, 2014",17,"Orlando Magic",27
"845",859,"Fri, Dec 19, 2014",16,"Minnesota Timberwolves",10
"846",860,"Fri, Dec 26, 2014",-2,"Brooklyn Nets",20
"847",861,"Wed, Dec 31, 2014",22,"Sacramento Kings",22
"848",862,"Fri, Jan 2, 2015",-18,"Dallas Mavericks",9
"849",864,"Mon, Jan 12, 2015",8,"New Orleans Pelicans",21
"850",865,"Wed, Jan 14, 2015",-14,"Atlanta Hawks",16
"851",866,"Fri, Jan 16, 2015",-16,"Chicago Bulls",14
"852",867,"Fri, Jan 30, 2015",-6,"Houston Rockets",5
"853",868,"Sun, Feb 1, 2015",-8,"Miami Heat",6
"854",869,"Wed, Feb 4, 2015",4,"Denver Nuggets",19
"855",870,"Fri, Feb 6, 2015",11,"Philadelphia 76ers",30
"856",871,"Wed, Feb 11, 2015",1,"Atlanta Hawks",16
"857",872,"Wed, Feb 25, 2015",21,"New York Knicks",18
"858",874,"Sun, Mar 1, 2015",-5,"Golden State Warriors",4
"859",875,"Wed, Mar 4, 2015",1,"Utah Jazz",28
"860",876,"Wed, Mar 11, 2015",3,"Memphis Grizzlies",13
"861",877,"Fri, Mar 13, 2015",7,"Orlando Magic",27
"862",878,"Mon, Mar 16, 2015",19,"Philadelphia 76ers",30
"863",879,"Sun, Mar 22, 2015",-8,"Detroit Pistons",24
"864",880,"Wed, Mar 25, 2015",-7,"Miami Heat",6
"865",881,"Sun, Mar 29, 2015",-13,"Los Angeles Clippers",2
"866",882,"Wed, Apr 1, 2015",13,"Indiana Pacers",8
"867",883,"Fri, Apr 3, 2015",-9,"Milwaukee Bucks",29
"868",884,"Sun, Apr 12, 2015",39,"Cleveland Cavaliers",23
"869",885,"Tue, Apr 14, 2015",2,"Toronto Raptors",12
"870",886,"Wed, Nov 4, 2015",-2,"Indiana Pacers",16
"871",887,"Tue, Nov 10, 2015",16,"Milwaukee Bucks",17
"872",888,"Sun, Nov 15, 2015",15,"Oklahoma City Thunder",12
"873",889,"Mon, Nov 16, 2015",16,"Houston Rockets",7
"874",890,"Sun, Nov 22, 2015",-10,"Brooklyn Nets",23
"875",891,"Tue, Nov 24, 2015",-24,"Atlanta Hawks",4
"876",892,"Sun, Nov 29, 2015",-19,"Orlando Magic",26
"877",893,"Mon, Nov 30, 2015",10,"Miami Heat",24
"878",894,"Thu, Dec 3, 2015",17,"Sacramento Kings",22
"879",895,"Sat, Dec 5, 2015",-3,"San Antonio Spurs",3
"880",896,"Mon, Dec 7, 2015",18,"New Orleans Pelicans",13
"881",897,"Sat, Dec 12, 2015",5,"Charlotte Hornets",25
"882",898,"Wed, Dec 16, 2015",-3,"Detroit Pistons",20
"883",899,"Wed, Dec 23, 2015",13,"Charlotte Hornets",25
"884",900,"Sat, Dec 26, 2015",6,"Detroit Pistons",20
"885",901,"Mon, Jan 4, 2016",9,"Brooklyn Nets",23
"886",902,"Thu, Jan 7, 2016",-9,"Chicago Bulls",10
"887",903,"Sun, Jan 10, 2016",-3,"Memphis Grizzlies",8
"888",904,"Tue, Jan 12, 2016",-6,"New York Knicks",30
"889",905,"Sat, Jan 16, 2016",2,"Washington Wizards",15
"890",906,"Mon, Jan 18, 2016",-5,"Dallas Mavericks",9
"891",907,"Wed, Jan 20, 2016",-6,"Toronto Raptors",11
"892",908,"Sun, Jan 24, 2016",20,"Philadelphia 76ers",29
"893",909,"Mon, Jan 25, 2016",25,"Washington Wizards",15
"894",910,"Sun, Jan 31, 2016",-5,"Orlando Magic",26
"895",911,"Tue, Feb 2, 2016",8,"New York Knicks",30
"896",912,"Fri, Feb 5, 2016",1,"Cleveland Cavaliers",6
"897",913,"Tue, Feb 9, 2016",-1,"Milwaukee Bucks",17
"898",914,"Fri, Feb 19, 2016",-18,"Utah Jazz",14
"899",915,"Sun, Feb 21, 2016",20,"Denver Nuggets",21
"900",916,"Mon, Feb 22, 2016",-2,"Minnesota Timberwolves",28
"901",917,"Sat, Mar 5, 2016",-17,"Cleveland Cavaliers",6
"902",918,"Tue, Mar 15, 2016",-5,"Indiana Pacers",16
"903",919,"Fri, Mar 18, 2016",-14,"Toronto Raptors",11
"904",920,"Sun, Mar 20, 2016",15,"Philadelphia 76ers",29
"905",921,"Sat, Mar 26, 2016",3,"Phoenix Suns",18
"906",922,"Mon, Mar 28, 2016",-24,"Los Angeles Clippers",2
"907",923,"Thu, Mar 31, 2016",-7,"Portland Trail Blazers",5
"908",924,"Fri, Apr 1, 2016",3,"Golden State Warriors",1
"909",925,"Sun, Apr 3, 2016",7,"Los Angeles Lakers",27
"910",926,"Sat, Apr 9, 2016",-11,"Atlanta Hawks",4
"911",927,"Wed, Oct 28, 2015",17,"Philadelphia 76ers",29
"912",928,"Fri, Oct 30, 2015",-10,"Toronto Raptors",11
"913",929,"Sun, Nov 1, 2015",-8,"San Antonio Spurs",3
"914",930,"Fri, Nov 6, 2015",20,"Washington Wizards",15
"915",931,"Wed, Nov 11, 2015",-11,"Indiana Pacers",16
"916",932,"Fri, Nov 13, 2015",13,"Atlanta Hawks",4
"917",933,"Wed, Nov 18, 2015",-4,"Dallas Mavericks",9
"918",934,"Fri, Nov 20, 2015",25,"Brooklyn Nets",23
"919",935,"Wed, Nov 25, 2015",4,"Philadelphia 76ers",29
"920",936,"Fri, Nov 27, 2015",33,"Washington Wizards",15
"921",937,"Wed, Dec 9, 2015",5,"Chicago Bulls",10
"922",938,"Fri, Dec 11, 2015",-5,"Golden State Warriors",1
"923",939,"Tue, Dec 15, 2015",-12,"Cleveland Cavaliers",6
"924",940,"Fri, Dec 18, 2015",-8,"Atlanta Hawks",4
"925",941,"Mon, Dec 21, 2015",14,"Minnesota Timberwolves",28
"926",942,"Sun, Dec 27, 2015",9,"New York Knicks",30
"927",943,"Wed, Dec 30, 2015",-8,"Los Angeles Lakers",27
"928",944,"Sat, Jan 2, 2016",-3,"Brooklyn Nets",23
"929",945,"Wed, Jan 6, 2016",-5,"Detroit Pistons",20
"930",946,"Wed, Jan 13, 2016",9,"Indiana Pacers",16
"931",947,"Fri, Jan 15, 2016",14,"Phoenix Suns",18
"932",948,"Fri, Jan 22, 2016",9,"Chicago Bulls",10
"933",949,"Wed, Jan 27, 2016",8,"Denver Nuggets",21
"934",950,"Fri, Jan 29, 2016",19,"Orlando Magic",26
"935",951,"Wed, Feb 3, 2016",7,"Detroit Pistons",20
"936",952,"Sun, Feb 7, 2016",9,"Sacramento Kings",22
"937",953,"Wed, Feb 10, 2016",5,"Los Angeles Clippers",2
"938",954,"Thu, Feb 25, 2016",5,"Milwaukee Bucks",17
"939",955,"Sat, Feb 27, 2016",12,"Miami Heat",24
"940",956,"Mon, Feb 29, 2016",5,"Utah Jazz",14
"941",957,"Wed, Mar 2, 2016",23,"Portland Trail Blazers",5
"942",958,"Fri, Mar 4, 2016",1,"New York Knicks",30
"943",959,"Wed, Mar 9, 2016",20,"Memphis Grizzlies",8
"944",960,"Fri, Mar 11, 2016",-4,"Houston Rockets",7
"945",961,"Wed, Mar 16, 2016",-21,"Oklahoma City Thunder",12
"946",962,"Mon, Mar 21, 2016",11,"Orlando Magic",26
"947",963,"Wed, Mar 23, 2016",12,"Toronto Raptors",11
"948",964,"Wed, Apr 6, 2016",7,"New Orleans Pelicans",13
"949",965,"Fri, Apr 8, 2016",15,"Milwaukee Bucks",17
"950",966,"Mon, Apr 11, 2016",-14,"Charlotte Hornets",25
"951",967,"Wed, Apr 13, 2016",10,"Miami Heat",24
